{"action": 2, "weights": [-0.4069472551345825, 0.39841127395629883, -0.29502958059310913, -0.44711586833000183, -0.011013031005859375, -0.4272606074810028, -0.04753345251083374, -0.04299762845039368, -0.08125513792037964, 0.16045504808425903, -0.20956793427467346, 0.3725031018257141, -0.24276205897331238, -0.15655654668807983, -0.3029586374759674, 0.36660295724868774, -0.048104822635650635, 0.06636297702789307, 0.27339106798171997, 0.40778183937072754, -0.007517039775848389, 0.3527594804763794, 0.3953297734260559, -0.37941569089889526, -0.0784192681312561, -0.3988684415817261, 0.06787973642349243, 0.2783011198043823, 0.3445777893066406, -0.354610413312912, -0.1397550404071808, 0.3313891291618347, -0.08194535970687866, 0.17553716897964478, 0.2963144779205322, 0.1946834921836853, 0.36579638719558716, 0.14572852849960327, 0.3135209083557129, 0.21298742294311523, -0.11027452349662781, -0.13722854852676392, -0.20684564113616943, 0.17291617393493652, 0.34446829557418823, 0.4591102600097656, 0.16245561838150024, -0.2152973860502243, 0.21492058038711548, 0.2736365795135498, 0.1641893982887268, -0.2379559427499771, 0.002175748348236084, -0.26384788751602173, -0.048709750175476074, -0.05987352132797241, -0.17364314198493958, 0.010874509811401367, 0.3719480037689209, -0.1158992350101471, -0.13336172699928284, 0.2820947766304016, -0.33823028206825256, 0.39825767278671265, -0.09235656261444092, 0.4359092712402344, 0.27385610342025757, 0.21625328063964844, 0.06355249881744385, 0.4169761538505554, -0.014437586069107056, -0.030959874391555786, 0.3605766296386719, 0.26523637771606445, -0.2955252528190613, -0.20748025178909302, -0.016698986291885376, -0.39390990138053894, 0.13696014881134033, 0.4038344621658325, -0.057715415954589844, -0.43294757604599, -0.2571908235549927, -0.06903901696205139, -0.08155819773674011, -0.27516970038414, 0.26174384355545044, -0.22617068886756897, -0.3825172185897827, -0.243510901927948, -0.04489681124687195, -0.29909205436706543, 0.2772473692893982, 0.11300235986709595, 0.07749360799789429, 0.32509511709213257, 0.0, 0.0, 0.0, 0.0, 0.0, 0.0, 0.0, 0.0, 0.0, 0.0, 0.0, 0.0, 0.0, 0.0, 0.0, 0.0, 0.0, 0.0, 0.0, 0.0, 0.0, 0.0, 0.0, 0.0, 0.0786047875881195, 0.07529821991920471, -0.06890302896499634, -0.22938556969165802, -0.12548001110553741, 0.019925862550735474, -0.0065895020961761475, -0.314950168132782, -0.15122626721858978, 0.12590822577476501, -0.0735190212726593, -0.025908589363098145, 0.1716856062412262, -0.3304889500141144, -0.041923969984054565, -0.2235730141401291, -0.15570731461048126, -0.15155543386936188, -0.06427580118179321, 0.3503701388835907, -0.18681050837039948, 0.30155470967292786, 0.027548611164093018, 0.20235183835029602, 0.16105666756629944, -0.2142091691493988, -0.06739768385887146, -0.26417458057403564, -0.2876579761505127, -0.074308842420578, 0.09605419635772705, -0.15912744402885437, -0.3263011574745178, -0.25655460357666016, 0.20014026761054993, 0.22205844521522522, 0.3215220272541046, 0.21357306838035583, -0.2549855709075928, 0.2091851532459259, -0.30853337049484253, -0.012676417827606201, -0.30845144391059875, -0.14354179799556732, -0.08352461457252502, 0.10405752062797546, -0.2815907597541809, 0.0008231997489929199, -0.2561337351799011, -0.17250283062458038, 0.2962859570980072, 0.147242933511734, -0.21376585960388184, -0.1527222990989685, -0.015721112489700317, 0.16303756833076477, -0.3085413873195648, 0.09987032413482666, -0.0784275233745575, 0.2918437421321869, -0.3210018575191498, -0.12371709942817688, 0.08589661121368408, 0.2629046142101288, -0.22789399325847626, 0.16607871651649475, -0.07578685879707336, -0.06030961871147156, -0.09650540351867676, -0.35308733582496643, -0.3287545144557953, 0.1432199478149414, -0.10944196581840515, -0.2750917077064514, -0.15243183076381683, -0.066794753074646, 0.16625192761421204, 0.2633059322834015, 0.24771270155906677, -0.21555912494659424, 0.2567918002605438, -0.22314032912254333, -0.3289264738559723, 0.3066137731075287, -0.15339404344558716, 0.16691270470619202, 0.27254435420036316, -0.09158644080162048, 0.10463088750839233, -0.20113395154476166, 0.15352687239646912, 0.22753086686134338, -0.2999454736709595, 0.28115156292915344, 0.11323323845863342, -0.2918384373188019, 0.17908206582069397, -0.07043522596359253, -0.07245203852653503, -0.014070630073547363, -0.011313974857330322, 0.2749832570552826, -0.22144173085689545, -0.06901925802230835, -0.18400461971759796, 0.2594132721424103, 0.0643378496170044, 0.085614413022995, -0.14102908968925476, 0.34874698519706726, 0.2585633099079132, -0.3507753312587738, 0.2868046462535858, -0.32436585426330566, 0.0069834887981414795, 0.2882828414440155, 0.15004143118858337, 0.017207026481628418, -0.08897426724433899, -0.24063313007354736, -0.06409388780593872, -0.017328858375549316, -0.1869748830795288, 0.32706335186958313, -0.2557377219200134, 0.20705381035804749, -0.22161924839019775, -0.04404810070991516, 0.3293667137622833, 0.2719210684299469, 0.29935917258262634, -0.05230626463890076, 0.33340612053871155, -0.21714283525943756, 0.046860456466674805, 0.1909961998462677, 0.0212496817111969, -0.29346445202827454, 0.3394148647785187, 0.08261078596115112, -0.13439281284809113, 0.2328909933567047, 0.2905295193195343, -0.12349481880664825, -0.06361526250839233, -0.3302282989025116, -0.21540360152721405, 0.08472123742103577, 0.1995048224925995, 0.0028679370880126953, -0.23549965023994446, 0.28858163952827454, -0.30294615030288696, 0.3233329951763153, -0.22529959678649902, -0.3197993338108063, -0.2480304092168808, 0.09485459327697754, 0.16875043511390686, -0.29042506217956543, 0.18411806225776672, 0.31575021147727966, -0.19506075978279114, -0.010864794254302979, -0.33589857816696167, -0.04702138900756836, -0.09531399607658386, 0.10797902941703796, -0.03755024075508118, -0.0196475088596344, -0.1506289541721344, 0.017784297466278076, -0.2123095989227295, 0.26118823885917664, 0.31368759274482727, 0.16490241885185242, 0.1727936565876007, 0.18979933857917786, -0.03716364502906799, -0.22419552505016327, -0.06430074572563171, 0.1188293993473053, 0.09998521208763123, 0.015522271394729614, 0.0771130621433258, 0.16451111435890198, -0.11738410592079163, -0.1950540989637375, 0.2579311430454254, -0.16915199160575867, -0.2867697477340698, -0.03893592953681946, 0.30093058943748474, 0.32416799664497375, -0.34951943159103394, 0.2664596140384674, 0.11753305792808533, 0.293860524892807, 0.08116868138313293, 0.1273447573184967, 0.2540947496891022, -0.03864452242851257, 0.1590699851512909, -0.10549499094486237, 0.2380058467388153, -0.03065955638885498, -0.1968393474817276, 0.18334779143333435, -0.31066811084747314, -0.3389608860015869, -0.02852541208267212, 0.1988922655582428, 0.20604875683784485, 0.19955411553382874, -0.29834869503974915, 0.2667243778705597, 0.3028528392314911, -0.28134074807167053, 0.058905959129333496, 0.24442008137702942, 0.13181999325752258, 0.2490846812725067, -0.024470806121826172, -0.3331952691078186, 0.30683109164237976, 0.20529183745384216, 0.0873727798461914, -0.1763770580291748, 0.2824697196483612, 0.2441851794719696, -0.1189303994178772, 0.022347360849380493, -0.05102407932281494, -0.005963176488876343, -0.10425040125846863, -0.12310756742954254, -0.14840984344482422, 0.03233093023300171, -0.06328552961349487, -0.1476157158613205, -0.11191041767597198, 0.11306136846542358, 0.25741657614707947, -0.14711660146713257, -0.14576327800750732, -0.2761985659599304, 0.09829548001289368, 0.1092006266117096, 0.24629637598991394, 0.048888832330703735, 0.34021279215812683, 0.30844375491142273, 0.16672852635383606, -0.22482047975063324, -0.11452318727970123, 0.29830870032310486, -0.3100188970565796, 0.2509630620479584, -0.010081857442855835, -0.09445294737815857, -0.019042372703552246, 0.30147531628608704, -0.07093635201454163, -0.14270323514938354, -0.21508286893367767, 0.33015862107276917, -0.3531685769557953, -0.22193914651870728, -0.3384363353252411, -0.07393637299537659, -0.03809502720832825, 0.21458002924919128, -0.349653035402298, 